﻿<section alias="PerplexDashboards_UserDashboard">
  <areas>
    <area>users</area>
  </areas>
  <tab caption="Activity Log">
    <control showOnce="true" addPanel="true" panelCaption="">/App_Plugins/PerplexDashboards/UserDashboard/html/perplex.user-dashboard.html</control>
  </tab>
  <tab caption="Umbraco Security Settings">
    <control showOnce="true" addPanel="true" panelCaption="">/App_Plugins/PerplexDashboards/UserPasswordPolicy/perplex.user-password-policy.html</control>
  </tab>
  <tab caption="Lockout Emails">
    <control showOnce="true" addPanel="true" panelCaption="">/App_Plugins/PerplexDashboards/UserDashboard/html/perplex.user-dashboard.email-settings.html</control>
  </tab>
</section>